"","ID","Active","Interested","Excited","Strong","Irritable","Upset","Anxious","Sad"
"1",102,0.189078937646483,0.315296978636897,0.242509427452385,0.216094374179511,0.116703031356547,0.247868370075307,0.395034829033257,0.130460508713666
"2",103,NA,NA,NA,NA,NA,NA,NA,NA
"3",104,NA,NA,NA,NA,NA,NA,NA,NA
"4",105,NA,NA,NA,NA,NA,NA,NA,NA
"5",107,0.190992680191801,0.145037584016201,0.195090437111421,0.164173787887202,0.0688501747851013,0.262472393011003,0.215890464789928,0.189634057725308
"6",108,NA,NA,NA,NA,NA,NA,NA,NA
"7",109,NA,NA,NA,NA,NA,NA,NA,NA
"8",110,NA,NA,NA,NA,NA,NA,NA,NA
"9",112,0.255251418425848,0.212032762298656,0.265091207892422,0.421894103061384,0.222268111442373,0.241096224927874,0.230447428440882,0.150990041873326
"10",113,0.109928347195581,0.148360957488388,0.125615901632804,0.109904147790102,0.12526003468851,0.121015010166076,0.222570801357714,0.111515180596327
"11",114,NA,NA,NA,NA,NA,NA,NA,NA
"12",115,0.320353948408815,0.258450875798867,0.272666453121913,0.237383220800929,0.0739688683063145,0.00131578601116138,0.000473280217670996,0.00899122633936749
"13",116,5.55111512312578e-17,5.31478809715679e-17,0.0196418550329597,0.0889322810754562,0.0098209275164799,5.31478809715679e-17,9.25185853854297e-18,5.31478809715679e-17
"14",118,0.0165116193763906,0.214321367607737,0.0882054795803802,0.0887643979636602,0.169949503309475,0.320166798176203,0.288658084453761,0.279175516782456
"15",120,0.203258737031682,0.220379340384314,0.212066778744609,0.251179536507447,0.132000343211838,0.0398697527490114,0.169743817376516,0.0589583132051145
"16",124,NA,NA,NA,NA,NA,NA,NA,NA
"17",126,NA,NA,NA,NA,NA,NA,NA,NA
"18",127,0.134390504208624,0.204628424641142,0.16513257616879,0.0839280165719434,0.115734518889651,0.260396035339124,0.345661198433417,0.167513742861247
"19",128,NA,NA,NA,NA,NA,NA,NA,NA
"20",130,0.195085996050604,0.165296151133489,0.204015045917871,1.34603439505554e-12,0.0821259277317512,0.000599824714387342,0.102488800222638,1.51866564494617e-11
"21",132,0.183146285029418,0.180977700541872,0.228095707426589,0.182421335829093,0.163825509429231,0.213992756599253,0.449196380512687,0.191237557195355
"22",133,0.321513484834157,0.153525856658338,0.249774469233885,0.176372323746313,0.191168095164159,0.135089777789206,0.145844728046691,0.149172329404136
"23",134,0.113814768231323,0.0891392965069243,0.0921794154409495,0.123571220325775,0.111424696044054,0.104234604882196,0.0145021429429664,0.128359172013431
"24",137,0.0734980434151234,0.106459889172696,0.14581303413774,0.0694080934393529,0.127226425498536,0.0681798023698436,0.190289859619806,0.160735898888097
"25",138,NA,NA,NA,NA,NA,NA,NA,NA
"26",139,0.277431119335678,0.368745952370762,0.355961959243907,0.155095874709559,0.205502938594263,0.128772833584798,0.108835193490414,0.24074215042699
"27",140,0.129571282015881,0.151445829343914,0.371847505921553,0.164870781506625,0.0964264141300264,0.0887722131364431,0.291938255234587,0.0564119235368133
"28",143,0.0831351857579635,0.369484072325262,0.293835485507531,0.146117726524139,2.17979040065457e-05,0.117868048429554,0.0924127487492944,0.141338105107643
"29",144,NA,NA,NA,NA,NA,NA,NA,NA
"30",145,NA,NA,NA,NA,NA,NA,NA,NA
"31",147,0.222330388332525,0.258118881791409,0.169286892190423,0.226522392804346,0.152637633734216,0.237370116617829,0.18235533590887,0.183581132672322
"32",148,NA,NA,NA,NA,NA,NA,NA,NA
"33",149,0.171225861161932,0.199388117146189,0.137931620973786,0.0358703920646097,0.269356612065929,0.377813499307438,0.216717077286781,0.561166850022285
"34",151,0.193575284175698,0.226937894844406,0.230318492065667,0.254864828338564,0.184898086075331,0.263932950224958,0.327076428310575,0.180924192515076
"35",152,0.116057553448855,0.17764880826941,0.0652818919904938,0.158820962713767,0.128925485078562,0.144341994531151,0.14599910224796,0.136294967346093
"36",154,NA,NA,NA,NA,NA,NA,NA,NA
"37",155,0.110153593829016,0.0900094722893909,0.0931818347676682,0.118980200024046,0.120037496256448,0.122651185089077,0.0409876042156207,0.007332899427098
"38",157,0.310543177078664,0.132932077446236,0.209373141224153,0.282689867041981,0.12264570386582,0.0866506150493472,0.0339532776294647,0.0588111986072279
"39",158,0.276574468667857,0.160868596481804,0.158307084255548,0.170415377900068,0.085816792405335,0.0684049475863112,0.104822464263653,0.0837135200289961
"40",159,0.0178430772416905,0.156103800229581,0.197867986074881,0.128370965585508,0.218886734424299,0.318156908500922,0.069638623606157,3.62116635400941e-10
"41",161,0.248458607824841,0.247706488448188,0.22756993548872,0.174360255615408,0.183869936941798,0.210138444681691,0.17138511218953,0.106523323295639
"42",162,0.165610548765131,0.124816609835845,0.21454830379288,0.157752300528634,0.157405363560225,0.11104811105705,0.175698382322394,0.112435184070229
"43",163,0.21891716366344,0.261524478741969,0.188399682556611,0.203553651119273,0.220514457697817,0.212565500468977,0.157669477704265,0.233947446880234
"44",164,NA,NA,NA,NA,NA,NA,NA,NA
"45",165,0.11281071582567,0.073271333627333,0.0988074612531474,0.107486624040113,0.189308571045312,0.0774609067337254,0.0799285807342,0.0708894344675737
"46",166,NA,NA,NA,NA,NA,NA,NA,NA
"47",167,NA,NA,NA,NA,NA,NA,NA,NA
"48",168,0.145075656947047,0.0575943694247289,0.139822076341681,0.152364560569151,0.218918882886929,0.0907505328546567,0.189389909187523,0.223103061639963
"49",170,NA,NA,NA,NA,NA,NA,NA,NA
"50",171,0.138338430015989,0.166810580120047,0.099247536239024,0.149099455101749,0.177828183913507,0.100930262520906,0.164600839908775,0.165597726675021
"51",172,NA,NA,NA,NA,NA,NA,NA,NA
"52",173,0.148044067161202,0.148843687837218,0.073462339433166,0.209237502295589,0.319524006033918,0.252555261849248,0.102061702876234,0.129670853511322
"53",174,0.197301781595534,0.121819030709704,0.117363937056004,0.118018622850219,0.0617618114417415,0.15003865262492,0.115771539946134,0.145692931574937
"54",175,0.328071820022391,0.226595176720945,0.148959117320918,0.217530158188673,0.161661576442801,0.310779753322281,0.155260447210832,0.272015042216871
"55",176,0.100624643014163,0.12819458877671,0.137937846110935,0.0940196344375036,0.121095802050064,0.0942677645040387,0.0861022508339451,0.179303489933339
"56",178,0.143222123299995,0.163607983846909,0.164033742989508,0.200591285320772,0.270893670485314,0.113247181741125,0.120764305325602,0.121893393111565
"57",180,0.252526057414674,0.165508735739773,0.208055379707377,0.131317449967504,0.15193497304617,0.111511800324417,0.183826286324707,0.0908840477104705
"58",181,NA,NA,NA,NA,NA,NA,NA,NA
"59",182,0.159000657106464,0.118766858468534,0.177111204113644,0.16307370175539,0.00217660953924519,0.00396477893960453,0.318724550929597,0.102800488955075
"60",183,0.316560717330703,0.180485675654677,0.16248400202723,0.215724315174687,0.211559503070176,0.217429867836112,0.207122595760542,0.173303315263468
"61",184,0.210318516098255,0.175131582541643,0.178894074013029,0.22800847791208,0.0944741510729505,0.0730112643860961,0.255331697167028,0.174461291862282
"62",188,0.166897135013441,0.304343596164878,0.298654887091893,0.210566736164724,0.301824204286526,0.221405389724745,0.0820651809964641,0.276156349864818
"63",190,NA,NA,NA,NA,NA,NA,NA,NA
"64",191,0.233278324460915,0.16623694603874,0.199504873012509,0.088310245011463,0.19954866185518,0.206439123963453,0.208316593467981,0.120881481040218
"65",192,0.16780494361684,0.124290086888694,0.117213421252594,0.125887838476083,0.271270485007802,0.21524115600073,0.140979089781473,0.245923964425252
"66",193,0.0911914066845742,0.0882873952234486,0.0634719386074237,0.160738865108523,0.242554132368364,0.141651070708728,0.260699979799301,0.245750133907642
"67",194,0.187590561011703,0.229326710558601,0.275889687391616,0.200441249778496,0.133297207682433,0.116542002612828,0.105982093794601,0.110456004178041
"68",195,0.202163138696403,0.229179252563811,0.236184226245148,0.196747633329734,0.252211252469009,0.271921775386529,0.468657742264634,0.283021642653601
"69",196,NA,NA,NA,NA,NA,NA,NA,NA
"70",197,0.203901700522875,0.243887558530432,0.147428985733526,0.177823430681245,0.0340187100487833,0.0727683792172055,0.214400520388234,0.0812401284379155
"71",199,0.161101304849809,0.216959790872733,0.21402783291795,0.113284223282936,0.258600387624612,0.340252756292782,0.254039637344136,0.185814933634355
"72",200,NA,NA,NA,NA,NA,NA,NA,NA
"73",201,0.240578677911732,0.143515736124044,0.179927958308953,0.12514634475512,0.02737552094442,0.0065347583041401,0.171140344341617,0.0203263670452535
"74",202,0.16584375070284,0.143497447612922,0.118281776555224,0.0668324663763169,0.119548708478805,0.119828450958601,0.125678317384328,0.175425125023894
"75",203,NA,NA,NA,NA,NA,NA,NA,NA
"76",206,0.144521554073559,0.169065634966363,0.126716761366348,0.113688967297034,0.201131492851738,0.192783560184807,0.351204748259608,0.219890692953106
"77",207,0.492415921898098,0.223515509411709,0.343818431747801,0.290849880028535,0.0159981459878812,0.0880321801301987,0.128533974354073,0.00711822216182237
"78",208,0.0828301760184679,0.163135341694504,0.0102538593504785,0.153969365798593,0.0928059341785566,0.0802636637994864,0.00512692967524245,2.6079619984445e-09
"79",209,0.11920972971032,0.215247017929465,0.32039045807916,0.206268801494165,0.159596368807812,0.115100034608045,0.123145247843521,0.272656974171079
"80",210,0.329908388679325,0.110814124484065,0.301396519109562,0.190464601229481,0.177686193777576,0.152166535645628,0.107559617117904,0.191429812288827
"81",212,0.114647283196171,0.0440878475940731,0.179238574057955,0.101674761403634,0.175922734119773,0.099775430140701,0.0242427857159695,0.0435828850775927
"82",215,NA,NA,NA,NA,NA,NA,NA,NA
"83",216,0.152030042199077,0.0917507936470792,1.77839330531458e-07,0.0800899798206185,0.447037300961758,0.142830493093503,0.209731740099229,0.186310451961468
"84",217,0.208759952505807,0.341988325155381,0.312488609035243,0.222925198518759,0.268897701720403,0.213506004749404,0.119447501693776,0.280982708396644
"85",219,0.301692239361158,0.306087311241478,0.31752644813856,0.149647716436117,0.187714212339938,0.199665357896739,0.159280315713572,0.0955139173567149
"86",220,NA,NA,NA,NA,NA,NA,NA,NA
"87",221,NA,NA,NA,NA,NA,NA,NA,NA
"88",223,0.0815445875601892,0.201391996914883,0.242326634710683,0.0711110346470304,0.280637229882677,0.170765805420397,0.343669542074331,0.173750399525848
"89",224,0.454955261511995,0.311276128315232,0.220029420011317,0.245180461845024,0.0855412097667394,0.0569705181389087,0.000104853146842628,0.194627751867694
"90",227,0.164549236154822,0.0976745375765218,0.171571043807198,0.141837129594503,0.212224131915615,0.172071745472345,0.152770392847562,0.123364499889569
"91",228,0.188672654876948,0.232199835493983,0.168743631977876,0.206890930604813,0.0792407188963562,0.0694721543617692,0.0550330788078177,0.0556706808821021
"92",229,NA,NA,NA,NA,NA,NA,NA,NA
"93",230,0.0999076481493383,0.167724743680168,0.27787294067575,0.081664081442569,0.103734619147817,0.104049849314584,0.162131841356657,0.0845933654773911
"94",231,0.161374306091976,0.160656956265118,0.113616177001749,0.129729135224425,0.225501247329679,0.164884175660431,5.58800001476363e-16,0.410374255379718
"95",234,0.0959997365515786,0.215912928911498,0.301574182406774,0.112077665557375,0.22983095726183,0.366232940668766,0.229825456730405,0.42681302597896
"96",238,0.189671648287628,0.204376197799842,0.214793847480535,0.038846053429762,0.171755497753582,0.0911535189698107,0.145438827536455,0.216316610145233
"97",240,0.105268923089157,0.114245045401936,0.23537233671355,0.0694560475988057,0.181115503011501,0.17896531410212,0.172005584980409,0.176372113361422
"98",243,0.20350618483095,0.143599408721365,0.156144041263492,0.16319086592699,0.0474710768139125,0.0147116016623698,0.139088308837798,0.0141918218650122
"99",244,0.342188814163218,0.201288797544818,0.206671337841828,0.241725844810967,0.281171368645958,0.0252734525210435,0.143148935008674,0.178654810669764
"100",247,0.171590066102914,0.19640428522254,0.0943404255489876,0.11785113019817,0.373266110396386,0.318445198639486,0.203124131251237,0.449509658477657
"101",249,0.147252060343378,0.155277386991112,0.182313659256626,0.161551684996431,0.0778200881678564,0.173174577990146,0.133664934023346,0.104117315874746
"102",250,0.206731129884052,0.198285104993478,0.25240695011502,0.111630361975696,0.366722723708682,0.28749593792303,0.0794898689395066,0.243364095595743
"103",251,0.0853038101027609,0.0752637319934444,0.0898980090719953,0.0233274880701236,0.086850630157001,0.114960428244627,0.00631326687147746,0.12420045239953
"104",252,0.149229864810192,0.208776675552542,0.255581129846723,0.168361717591608,0.11941939796108,0.0808683912525423,0.189781569869651,0.0287612713850619
"105",253,0.178082745576005,0.0790395232863415,0.151350307275949,0.0844171893972977,0.157914012953309,0.160729899222232,0.180704321815375,0.115773962459093
"106",254,0.0990178792817052,0.154681003489363,0.188180096205367,0.191382463212808,0.0769551150580394,0.0765954686317208,0.081356612237771,0.133807173622323
"107",255,NA,NA,NA,NA,NA,NA,NA,NA
"108",256,0.097479803732127,0.340282170688686,0.0511918290732112,0.033642634600166,0.0117423493888072,0.103395837747281,0.148628478213991,0.123055552497854
"109",257,0.127333781010384,0.231002796499802,0.164687476932274,0.168992569027683,0.239861014763991,0.334575410549593,0.22520342342533,0.238036296615198
"110",258,0.00397796012423529,0.0851407481162478,0.120029725252627,0.00383122594194807,0.124519744871668,0.0223631668080209,0.105401398540649,0.171242811367189
"111",259,0.192353517023153,0.178311318835893,0.119016038624977,0.239559029820873,0.170113550229867,0.196937883845582,0.0708367575004182,0.0945225580849151
"112",261,0.366425025306586,0.207940033544449,0.168525381432088,0.260874645219565,0.239810143913624,0.290816755074864,0.235112720386944,0.179561201306274
"113",262,0.30161428266963,0.250767125112085,0.221855580493593,0.205116426611142,0.212497350567451,0.172401323614298,0.176088285602158,0.171339795304575
"114",263,0.208890927671845,0.223910598268188,0.0951098013097221,0.107469213244703,0.246571221064702,0.0667561403547198,0.0293919831618284,0.131843966780036
"115",266,NA,NA,NA,NA,NA,NA,NA,NA
"116",267,NA,NA,NA,NA,NA,NA,NA,NA
"117",269,0.212464554307731,0.142683520664801,0.170078305599214,0.0860600135230797,0.101114924772593,0.114082891915325,0.0992585969887679,0.114385408386359
"118",271,0.036646131117552,0.0882515038859977,0.130568520887789,0.0964743428997506,0.214562191980062,0.0879329482402353,0.10539421054763,0.0957912540831329
"119",272,0.186255410467061,0.146170536098158,0.144346895749825,0.173137383721846,0.219784208530881,0.170207866908664,0.1509040136238,0.286794965064423
"120",273,0.120853798449909,0.243500782335853,0.166590406653113,0.130992470692362,0.178857374803483,0.250865618912942,0.21686480113976,0.188253275562432
"121",275,0.179492385428739,0.170207591340032,0.386923574139688,0.268934303431805,0.0950278875108971,0.139141968609867,0.125565783100991,0.166911920576613
"122",276,0.167589849913997,0.232726432549091,0.264170466798689,0.147671051451201,0.0777953204966967,0.0777953204966967,0.0222749905520001,0.0555420101673796
"123",277,0.19607975770939,0.111927070585606,0.128831614982849,0.187370382307189,0.00194424485011157,0.0437580661025154,0.0813000790902642,0.101036662995824
"124",278,0.11193910240445,0.138612721766073,0.120225229160033,0.109637794303193,0.0701731200452177,0.0717862579872222,0.0805098196301623,0.102051567158137
"125",279,0.153809317233841,0.152000670669295,0.233959003781979,0.199576318731094,0.0560797653515808,0.105339413343877,0.0719617758795402,0.154767723141293
"126",280,NA,NA,NA,NA,NA,NA,NA,NA
"127",281,0.324146689236548,0.186523185714189,0.252296044078345,0.171412363100726,0.0314174179055216,0.0807237664287626,0.00366573023468894,0.127669234147804
"128",283,NA,NA,NA,NA,NA,NA,NA,NA
"129",284,0.22507619521793,0.217915024973488,0.20183001362338,0.22890730298057,0.225024807311724,0.221552160513397,0.131601490802067,0.15966711377202
"130",287,NA,NA,NA,NA,NA,NA,NA,NA
"131",288,NA,NA,NA,NA,NA,NA,NA,NA
"132",289,0.0535810911450354,0.0270053104056494,0.123185835562738,0.0888322935470314,0.0661153231234928,0.0401749865092712,0.0974711277336246,0.0818634981978429
"133",290,0.239756161769547,0.290998961688998,0.161469136552881,0.230057572639655,0.391738497534013,0.288729243101515,0.447348631327182,0.239247313108861
"134",291,NA,NA,NA,NA,NA,NA,NA,NA
"135",297,0.144690883193571,0.119439465435581,0.0605757984956126,0.0848113456792881,0.0845127632055037,0.0937862125286305,0.182582777148199,0.0201618892737037
"136",298,0.113728968408874,0.13521763693771,0.18190770548675,0.166663556458388,0.109245758624693,0.11775848701955,0.220029199908007,0.0963919311017542
"137",299,0.0280264552380327,0.170922855211742,0.131372968954505,0.0752586495771909,0.305930094947434,0.266506945448461,0.176872864874167,0.213819124711598
"138",301,0.0788511896191275,0.164015281209228,0.0871814514344357,0.0762699439111643,0.237886146968426,0.235898057424593,0.267775844373661,0.204380270720771
"139",302,NA,NA,NA,NA,NA,NA,NA,NA
"140",303,0.037429716836504,0.121191532808313,0.162642884848637,0.111197237113067,0.00316106219032618,0.0663252994303621,0.139555690475597,0.321412832350922
"141",304,0.288835933565392,0.209835026953011,0.277282739573837,0.289091386485571,0.240291979398472,0.17982225036821,0.102897093134492,0.14429930400967
"142",305,0.0526392088523112,0.130215879211147,0.0545310359920194,0.00319955126909008,0.0705642155703513,0.170168077437454,0.15271433196293,0.22403253720685
"143",306,NA,NA,NA,NA,NA,NA,NA,NA
"144",308,0.149774094639472,0.125027531165405,0.237645019476855,0.177020372777418,0.313879074981126,0.0903517114434627,0.360540461664408,0.0765568650716763
"145",309,0.358850405888893,0.150271888032083,0.396342814697862,0.185898655636508,0.299334168862534,0.477607262354743,0.271554702074175,0.208422703885159
"146",310,0.288565239839669,0.217353539368053,0.28660535090524,0.214900762375796,0.120761868473762,0.144944991409894,0.242748255013438,0.0956230783726697
"147",312,0.20582607504928,0.202558838389537,0.2802035272173,0.122279888929946,0.142984409808649,0.113548372383082,0.071186913261737,0.077322243213493
"148",313,0.0791280015572215,0.00521834224309476,0.10876652941005,0.124476606606218,0.154980569624475,0.00704876536569691,0.0902012994178338,0.112145733405585
"149",314,NA,NA,NA,NA,NA,NA,NA,NA
"150",317,0.000953095620287114,0.0436382838413796,8.47918639967846e-05,0.0118369130777348,0.0881913570253393,0.0907149147118532,0.0750266266141991,0.117896714446937
"151",318,0.154918630264781,0.110656547244668,0.231886409216884,0.141678513395253,0.245484067202256,0.168142850684133,0.13789025752012,0.0750755187389944
"152",319,NA,NA,NA,NA,NA,NA,NA,NA
"153",320,0.114335150188549,0.176078709442182,0.0962086756017489,0.139383265730071,0.132890491302438,0.140145881391293,0.0619796305951425,0.0929789499176756
"154",322,NA,NA,NA,NA,NA,NA,NA,NA
"155",323,NA,NA,NA,NA,NA,NA,NA,NA
"156",324,0.00652382004498575,0.0927633923303156,0.122479460512895,0.0559734512645869,0.0312847596208811,0.0320689586299683,0.072221186876706,0.0626555927880075
"157",325,0.165769734381814,0.237346187649004,0.0824893777943391,0.184461252406044,0.200717299262501,0.362953643413691,0.23927821196755,0.235776448263291
"158",326,0.0885516513776853,0.0499199185228289,0.0734417066787947,0.11306914857911,0.101392303043427,0.148493130258539,0.141808624076296,0.150184310031373
"159",327,0.142108585329049,0.205716681693698,0.203241482699088,0.170113369318834,0.0666417475013677,0.0438090240057575,3.65128462891309e-06,0.177340803824624
"160",328,0.154704266171327,0.16449198607215,0.154292477123114,0.104119174792036,0.129694298583701,0.119459597013301,0.136744652994851,0.178037008843425
"161",330,0.121308181501819,0.118309904258635,0.255534005552324,0.0785717547077402,0.350998290930759,0.32076828726099,0.281225599928009,0.293875829184897
"162",331,0.140846474077521,0.0815326519950648,0.132533048047534,0.121838022118675,0.178507551802108,0.182992574176888,0.173775983064522,0.258307490483579
"163",333,0.212545269174842,0.119073267935771,0.210316268491747,0.167920895170012,0.12923447329312,0.173310843032962,0.148091730909098,0.20479647856056
"164",335,0.36101106083593,0.344521651677586,0.338528859792061,0.291433950132044,0.273421723063873,0.290528421234326,0.211354260995123,0.229355762427131
"165",336,NA,NA,NA,NA,NA,NA,NA,NA
"166",337,0.042497066123535,0.0906763736034809,0.0313895496977495,0.00927842573019665,0.0321558802994593,0.0754141403047894,0.0681831833459429,0.105763062373294
"167",338,0.321928209323305,0.308137379565184,0.400643297462733,0.373293964535452,0.241571944810364,0.186807034258026,0.172141597433975,0.101377888814437
"168",339,NA,NA,NA,NA,NA,NA,NA,NA
"169",340,0.192158942185606,0.215349017654055,0.236297074185233,0.168168521704533,0.229194963981012,0.206411172204754,0.206112895651613,0.269849035630879
"170",341,NA,NA,NA,NA,NA,NA,NA,NA
"171",342,0.181097813726133,0.106930506044583,0.165883742749486,0.176106443051834,0.121682234141765,0.129777350046444,0.155820730517811,0.105805749978333
"172",345,0.195727369179148,0.234959024491533,0.279826062336231,0.158024502595463,0.127731131085862,0.0373933425803206,0.146936789515537,0.07852140347223
"173",347,NA,NA,NA,NA,NA,NA,NA,NA
"174",348,0.118010683541955,0.0480195620306728,0.0161165590883666,9.70826325276222e-05,0.129190307555175,0.178194748824563,0.156647983514054,0.258175966861373
"175",349,NA,NA,NA,NA,NA,NA,NA,NA
"176",350,NA,NA,NA,NA,NA,NA,NA,NA
"177",351,0.110434075099539,0.12370318902588,0.145586982389368,0.18054013743931,0.107549933784986,0.0910562422892387,0.105201114635072,0.0987554735473793
"178",352,0.204927659261045,0.165517626914347,0.202830838412032,0.170219668394339,0.178931259369064,0.03343913402719,0.0896363805470815,0.0565603333205856
"179",353,0.253810596550794,0.333451147165951,0.316666758619677,0.271590562469723,0.328896775725765,0.163160807669681,0.324029260577271,0.207200805855409
"180",354,NA,NA,NA,NA,NA,NA,NA,NA
"181",357,0.23891699732429,0.238156091139217,0.150888620085805,0.225681024500475,0.13454534929461,0.219576605743138,0.01605047455714,0.171754882109344
"182",359,0.287418949979201,0.255031319894434,0.210056470853052,0.266158560549135,0.347438323604554,0.306706788000069,0.411727703144436,0.326288530102996
"183",360,NA,NA,NA,NA,NA,NA,NA,NA
"184",361,0.298349383961689,0.279694794532681,0.212221298065036,0.121353684004035,0.321049813878504,0.402563166130785,0.251253421912601,0.352522679142605
"185",362,NA,NA,NA,NA,NA,NA,NA,NA
"186",363,NA,NA,NA,NA,NA,NA,NA,NA
"187",365,0.163360501498419,0.126165881083378,0.285712448327832,0.123307754580758,0.0840205999996358,0.131074698058583,0.160325489471601,0.160309586000961
"188",366,NA,NA,NA,NA,NA,NA,NA,NA
"189",367,0.158691750298329,0.266869563002274,0.288957747914539,0.197135418569947,0.342711750092126,0.169971072833423,0.0263150762426526,0.243553821447717
"190",368,NA,NA,NA,NA,NA,NA,NA,NA
"191",370,0.150445806860099,0.114649604594952,0.221855067299115,0.13219129693527,0.156355487422048,0.10303051037973,0.332266121640882,0.151965222544485
"192",371,0.239667270703615,0.121077580462503,0.133874183642967,0.115565871374196,0.405925293035166,0.262964629337884,0.217456831134478,0.166633418846764
"193",372,0.278675531570607,0.206340806656951,0.276881902431455,0.150536428161072,0.305305628482364,0.142183995704179,0.385061216971213,0.00405879007437976
"194",373,0.370908258313624,0.31493262519629,0.272464054113838,0.170368307624312,0.171303537794529,0.275079654471518,0.227344550071131,0.289667397884777
"195",374,NA,NA,NA,NA,NA,NA,NA,NA
"196",377,0.372148167017874,0.279665079279085,0.188181796874525,0.32492058920984,0.211664389820965,0.0728889882620126,0.140658458043135,0.173529585823165
"197",379,0.233237564891642,0.139466422455259,0.145229385843948,0.247555786776976,0.193064114126964,0.2016845629808,0.252303689491336,0.153574533121005
"198",382,NA,NA,NA,NA,NA,NA,NA,NA
"199",386,0.280671206921869,0.177040402673361,0.314326284237397,0.360056918269916,0.306342328220528,0.0992286919532937,0.232889537052989,0.160988475690794
"200",388,8.28057838951589e-07,0.107700067220282,0.0786160230443975,5.17358690508938e-06,1.41807414236576e-17,0.162453898295151,0.229625016486602,0.192884076833752
"201",390,0.0442120704260467,0.275030196022045,0.0747892478032532,0.0673592552454493,0.336509927011698,0.204658240998294,0.0533102703920919,0.0951264335251286
"202",391,0.165053106378622,0.191218404234803,0.0847538613603267,0.160045364969937,0.135627486091439,0.103946745552547,0.223463862852893,0.189984847424007
"203",392,0.122931732090417,0.196858276102209,0.081499116027635,0.110500056733606,0.170925100445683,0.216475097620095,0.202088159577878,0.22137291772493
"204",393,0.110354362771348,0.183470717232061,0.154314769310259,0.0918959476902696,0.103848608560224,0.103635721486369,0.100543535482651,0.10058962429442
"205",394,0.185980840799721,0.180058337171324,0.167556409293105,0.176648236590213,0.0903150474980625,0.0651968101856619,0.0841681031886841,0.0713702778633603
"206",395,NA,NA,NA,NA,NA,NA,NA,NA
"207",396,NA,NA,NA,NA,NA,NA,NA,NA
"208",399,NA,NA,NA,NA,NA,NA,NA,NA
"209",400,NA,NA,NA,NA,NA,NA,NA,NA
"210",401,NA,NA,NA,NA,NA,NA,NA,NA
"211",402,0.381729032252693,0.212595195349023,0.500632073120881,0.195466693043954,0.231306457792104,0.292776207644931,0.156299101527865,0.149612552488558
"212",403,0.118766466067884,0.133850347886724,0.0047336569984388,0.113595836832524,0.0487237771938463,0.114489487665258,0.143190471744661,0.00563135281979949
"213",407,0.111444948469654,0.113209903577463,0.103874384862184,1.94289029309402e-16,0.00737965058457119,0.0925213171372302,0.0076320186205362,0.0686398131869241
"214",408,0.418439459623481,0.540618690919803,0.456837577697897,0.323545203703127,0.112443521774022,0.00118560424056341,0.0301144188465561,0.0827599870311175
"215",409,0.171627774103268,0.170574249566141,0.117214156516577,0.245062856267176,0.313741135335267,0.199725966944107,0.144813760267612,0.0827265869204442
"216",410,NA,NA,NA,NA,NA,NA,NA,NA
"217",411,0.390277674426647,0.385145416641171,0.447468366276628,0.251949305919713,0.363178993671258,0.383856716918895,0.263757053244237,0.20503514419672
"218",412,0.20737087192135,0.0840692350411667,0.200918703768877,0.0466076312609551,0.0633700354794502,0.11707305515887,0.0418966032712381,0.0816287047163412
"219",413,0.283440515130225,0.2431943121559,0.145828200756503,0.157181014434648,0.219778238305967,0.227443953872706,0.173186929975519,0.2480139458466
"220",415,0.233649329760088,0.296363926689041,0.0906685747542512,0.155098098095147,0.356436141804773,0.239008319945251,0.240964926791347,0.224530909703829
"221",417,NA,NA,NA,NA,NA,NA,NA,NA
"222",418,NA,NA,NA,NA,NA,NA,NA,NA
"223",419,0.24009920733584,0.226553915560334,0.214920414411721,0.218982980890156,0.0118738515636262,0.0793729070973511,0.0106123151918318,0.0288609437036716
"224",420,0.142678736080993,0.126553853998172,0.081482078121773,0.228120358620349,0.176527571244853,0.0994378517476387,0.142847956776072,0.0761918927040392
"225",421,0.0876958822332322,0.080561578070621,0.0883445506577975,0.0872377694837391,0.0305250169953437,0.0641605393039414,0.110005849820575,0.119893824283218
"226",423,0.106150833081957,0.123953185226786,0.0782796520108368,0.089032041303426,0.338534399105473,0.476939857964381,0.374675551467815,0.428938566722208
"227",424,NA,NA,NA,NA,NA,NA,NA,NA
"228",425,NA,NA,NA,NA,NA,NA,NA,NA
"229",427,0.223718759980709,0.165890415064929,0.148810111499012,0.129168164309051,0.219778735698285,0.151577443875357,0.0828330738307667,0.164334761803004
"230",428,0.209269664742418,0.230526752628681,0.284519795394761,0.192273949172706,0.337404815095581,0.247569606443244,0.105567920891301,0.202678280046825
"231",429,0.0813530487008778,0.125997030166368,0.0694071245317399,0.00430232327210643,0.203980937507484,0.230993956876093,0.154826982714574,0.255771868002015
"232",431,0.295012756983976,0.187223241797171,0.264954365114956,0.158429957615421,0.250967047973746,0.293726501404334,0.25930401179853,0.526074418225894
"233",432,0.0746064045924709,0.118278894237963,0.101857236375824,0.0936312005911884,0.0896373229651756,0.120298605238811,0.0162783654575817,0.130243351457906
"234",433,NA,NA,NA,NA,NA,NA,NA,NA
"235",434,NA,NA,NA,NA,NA,NA,NA,NA
"236",435,0.0932686133959543,0.102217574407197,0.131750735559895,0.0724196470935758,0.180855398226709,0.180685783406637,0.102474626007946,0.137186737513527
"237",436,0.157987637290316,0.117655269105068,0.109526073326723,0.151042236855389,0.0855815967362885,0.1777895711428,0.0818310275216581,0.149454874618737
"238",437,0.415370411648275,0.364416237629286,0.325231334225108,0.281486258816479,0.440339328273757,0.441874040759509,0.313636626083006,0.358449724144301
"239",439,0.149022794133864,0.265069108239904,0.28228365989351,0.170591211574488,0.149938634926405,0.0571504246089573,0.104279104421486,0.110506005137967
"240",441,NA,NA,NA,NA,NA,NA,NA,NA
"241",442,0.288420717725737,0.323804481090786,0.222230772300732,0.228325076446479,0.0816484710123367,0.280249026423963,0.341076953758874,0.340945480247156
"242",443,0.0705613837381673,0.0634049696794103,0.140725240974665,0.061782849855488,0.00128775981987634,0.168179709586154,0.283986420874598,0.12959111167313
"243",444,0.0324296482692125,0.0804454016164912,0.075224728141247,0.0573636089891474,0.174061038924119,0.175133737555443,0.163186455958333,0.104761152029755
"244",445,NA,NA,NA,NA,NA,NA,NA,NA
"245",449,0.250416694153529,0.206563804995345,0.212931247913557,0.154303366298511,0.0689347668544497,0.0843925244671222,0.0235778480447061,0.0235778480447061
"246",450,0.159483687695922,0.129573490152367,0.0963706147269512,0.119141512826374,0.104913160883895,0.22055721943971,0.157916121551481,0.203587430181749
"247",451,0.295574001212278,0.379834097109172,0.396328365586481,0.185610660764468,0.114421061473982,0.276251709121693,0.204624110777901,0.0648395310121699
"248",453,NA,NA,NA,NA,NA,NA,NA,NA
"249",454,NA,NA,NA,NA,NA,NA,NA,NA
"250",455,0.230939542932563,0.160890635204233,0.156067250742559,0.162667657663095,0.173813889825253,0.193744843445376,0.137643209496539,0.165709543959732
"251",456,0.367519334886697,0.177230200779965,0.300192725841692,0.334638532739866,0.0699020662502054,0.0697916367560425,0.0418657036186052,0.220591644999196
"252",457,0.0814160409378461,0.0166057979741989,1.07835443174275e-13,0.0755133390714248,0.279120625364618,0.366961138634229,0.0906910926413699,0.142076058919237
"253",458,NA,NA,NA,NA,NA,NA,NA,NA
"254",461,0.217138161453919,0.120447802165355,0.206095511221573,0.150916903481503,0.0725021112983173,0.0157297041509658,0.0777171526628249,0.022990154117428
"255",462,0.182959460826002,0.0803078815571558,0.20775503891488,0.113735629820635,0.0292506786635047,0.0316423805981668,0.034731584464974,0.0397007112396841
"256",463,NA,NA,NA,NA,NA,NA,NA,NA
"257",464,0.105785053180745,0.264786773479343,0.20073748785434,0.269230722960774,0.204639603407506,0.126870464327168,0.201843828363789,0.155452665434677
"258",465,NA,NA,NA,NA,NA,NA,NA,NA
"259",470,0.221236460080963,0.26191289746323,0.185627781418573,0.223496782233603,0.088992056169387,0.0837734016439162,0.137000005053076,0.0294084300546668
"260",471,0.195024857722282,0.196441446115936,0.189797096355508,0.185211284034939,0.0943859687462973,0.0670271129242621,0.0688446224802855,0.0494535200378172
"261",472,0.193375557551283,0.128420453199471,0.0861068703841313,0.17870478227446,0.0881576609741361,0.041878060446358,0.168705357872264,0.0825748788825821
"262",473,0.146104682923131,0.143558146215398,0.260979347129899,0.0995239492013721,0.258450368403589,0.227489004273687,0.219605181654114,0.292609315091957
"263",474,0.213628868586558,0.192443726000583,0.123738171269219,0.0948600003273935,0.214290726609093,0.233052088809663,0.260356271499896,0.143578120288379
"264",475,NA,NA,NA,NA,NA,NA,NA,NA
"265",479,0.145610846329488,0.141815646498236,0.246186124435692,0.111248768206582,0.166897614530855,0.141931772690873,0.1029262101567,0.152176586565157
"266",480,NA,NA,NA,NA,NA,NA,NA,NA
"267",481,0.207242118774539,0.1759589270119,0.192741227337621,0.259526122370436,0.172068787897049,0.133416022607125,0.211637844399356,0.157979890337901
"268",482,0.0992542571379431,0.17277514789109,0.0874604201109683,0.115699069145488,0.171674386224255,0.186086214156904,0.17187728433636,0.0958840747933019
"269",483,NA,NA,NA,NA,NA,NA,NA,NA
"270",484,0.187605393972206,0.153179783526827,0.165402359501992,0.112522721953088,0.228359756066676,0.101729935840881,0.201724262283412,0.103820855466891
"271",485,0.117340734365648,0.195288327610749,0.140986004261294,0.116079554095602,0.0998798746470115,0.0817750929452114,0.197462027390614,0.0778833548048534
"272",486,NA,NA,NA,NA,NA,NA,NA,NA
"273",488,0.0774162882481706,0.140817916016565,0.0606257259716613,0.0589796675068623,0.200857398590507,0.27799773472057,0.273520190777536,0.38260594377596
"274",489,NA,NA,NA,NA,NA,NA,NA,NA
"275",490,0.00216027695339471,0.104946112196715,1.11022302462516e-16,1.11022302462516e-16,0.364583333333333,1.11022302462516e-16,0.0514552444199499,1.11022302462516e-16
"276",491,NA,NA,NA,NA,NA,NA,NA,NA
"277",492,0.114072141174939,0.183438841704521,0.133204997316892,0.229919509030182,0.259653796104709,0.179973908058129,0.217176485779033,0.324357955459333
"278",493,NA,NA,NA,NA,NA,NA,NA,NA
"279",497,0.0886748592206022,0.0320979378534469,0.126208112914632,0.0864761735862092,0.238180129642216,0.153037182045229,0.174935643573598,0.0819037348713026
"280",500,0.299713355000477,0.207972710997514,0.244008176633221,0.284080705924879,0.0748346629122869,0.0375399864985313,0.0990132032649308,0.0610326341727066
"281",501,0.188219028637493,0.170688419590843,0.257387676312833,0.189284547382558,0.150378805780353,0.235525929614191,0.117921781765676,0.113317536598993
"282",502,NA,NA,NA,NA,NA,NA,NA,NA
"283",503,NA,NA,NA,NA,NA,NA,NA,NA
"284",504,0.128323768999644,0.124530960592005,0.0957835289306953,0.212631713782839,0.115073472020488,0.138746023256737,0.107575728911647,0.116679238270723
"285",505,0.172231060454889,0.146511766872382,0.163060359787931,0.127298750931038,0.0795728447518366,0.102573686697049,0.0855563499247941,0.0732317125408286
"286",506,0.0256825203424157,0.0571548623142209,0.0768149375074357,0.00928266629240697,0.00928737894170926,0.144520739236479,0.0279203650192201,0.120157138036526
"287",507,NA,NA,NA,NA,NA,NA,NA,NA
"288",508,0.128539696032591,0.194173125441377,0.190406611601147,0.151721982230803,0.0798673949713778,0.0290722975683835,0.0790836975104457,2.67438512406437e-14
"289",509,NA,NA,NA,NA,NA,NA,NA,NA
"290",510,0.156438266666509,0.194643241293581,0.182505969568044,0.172786271456455,0.0427915191861954,0.0874030822641896,0.115365991646967,0.0690583399677718
"291",511,NA,NA,NA,NA,NA,NA,NA,NA
"292",512,0.277732484561499,0.167613297495064,0.190172582690543,0.16841993522242,0.310831951667173,0.22694228331773,0.222973462766156,0.1605810949921
"293",514,NA,NA,NA,NA,NA,NA,NA,NA
"294",515,0.221461371098319,0.196541273595562,0.186338998122491,0.142318760639994,0.171374481735462,0.1443375673629,0.166666666738708,0.239356776953534
"295",519,NA,NA,NA,NA,NA,NA,NA,NA
"296",520,0.315717749690224,0.278593011155391,0.323420306172672,0.145841872740956,0.230734372413408,0.245049201540011,0.198268791150798,0.25751110754616
"297",521,0.0654393714524742,0.342950054245754,0.0636333230944742,0.112732452206209,0.169415608466722,0.361621249850393,0.396961103885184,0.200897427232459
"298",524,0.41742241570517,0.324461339071612,0.266962065330965,0.453688074065222,0.350648863954919,0.216336274191229,0.193319161011049,0.157548601784831
"299",526,0.0834524755545991,0.092105263157895,0.110239637961025,0.112189742754542,0.138192699598142,0.0931178673050971,0.137895972791744,0.0846966035947949
"300",527,NA,NA,NA,NA,NA,NA,NA,NA
"301",528,NA,NA,NA,NA,NA,NA,NA,NA
"302",529,0.178039162584378,0.135692112207847,0.125463985975774,0.257179036658935,0.134478332175907,0.128207550170675,0.203329367824625,0.197306433998372
"303",531,0.178383827849176,0.307926543822668,0.179722395511214,0.294610834727318,0.13525651085833,0.0728422674659434,0.16287486564953,0.0336425019758292
"304",532,0.227305316289341,0.203178341472108,0.163677480344559,0.224090363296602,0.115820279321729,0.215487010741303,0.156007959304806,0.175969600082257
"305",533,0.301645724757258,0.264621332890766,0.277192988972261,0.213993622625157,0.0171081257832314,0.0123392909060447,0.0314417767616078,0.0126158055406352
"306",534,0.204562513742428,0.16623090527622,0.22292254214984,0.130585049680888,0.0816701893693026,0.0935302152812176,0.124936179245093,0.0516940437769627
"307",535,0.190273643555926,0.223108669399003,0.175129343218341,0.212880088956357,0.0785704546058557,0.0875260557708467,0.0800992550198961,0.120793284626228
"308",536,0.160903808966138,0.168756772256037,0.205654001355342,0.174818930107466,0.172028641265274,0.18940163348887,0.243958850913896,0.274069951580543
"309",537,0.170076817548034,0.217010520284254,0.229990534871374,0.118993742764119,0.214625617518337,0.168474563835413,0.0735405159437786,0.0535739283970968
"310",538,NA,NA,NA,NA,NA,NA,NA,NA
"311",539,NA,NA,NA,NA,NA,NA,NA,NA
"312",540,0.394282365577325,0.293030462430851,0.26981509820008,0.351100112607629,0.252927407213105,0.286560260335751,0.297304884839409,0.225571959834181
"313",541,NA,NA,NA,NA,NA,NA,NA,NA
"314",542,0.10297308808341,0.152261170995832,0.181662347700009,0.141716385209974,0.347167839429272,0.260950714131946,0.235828376450526,0.126388512034071
"315",543,0.223861509268086,0.306695919131224,0.264422219796541,0.216549150243118,0.0791997717760489,0.00404771416853419,0.00405837235536218,0.000106503343031791
"316",544,0.192690463120231,0.153346955146099,0.186542333351684,0.103503670793324,0.334278662736266,0.160972461755194,0.0632997866140285,0.2371848244024
"317",546,NA,NA,NA,NA,NA,NA,NA,NA
"318",548,0.177413443914811,0.234612480354282,0.157641714962536,0.0459317786888116,0.0864416526899711,4.64289619309309e-05,0.0476697934812892,1.07808956192039e-06
"319",551,NA,NA,NA,NA,NA,NA,NA,NA
"320",553,0.10476329906413,0.0795148023826892,0.0867908094226562,0.0361872919818719,0.310681064540046,0.349887789723284,0.133008113241147,0.216477517787902
"321",554,0.198119381829659,0.165766865223136,0.194813465724913,0.131615656761503,0.126118777901496,0.119295227558319,0.134487551547165,0.0786823044290613
"322",555,0.179470801283206,0.108152090461237,0.177332583619901,0.236596107126135,0.0473933120834041,0.00448103724792885,0.0537912238834139,0.00195259064558934
"323",556,NA,NA,NA,NA,NA,NA,NA,NA
"324",558,NA,NA,NA,NA,NA,NA,NA,NA
"325",559,0.396532723752743,0.439361257643536,0.239386054789131,0.302039472876467,0.0903279614751352,0.0979650346508181,0.136168719591082,0.109698738397531
"326",560,0.259708572516329,0.204529895295306,0.148694392612742,0.119532610435912,0.117848470703375,0.157336273370222,0.196904883535385,0.170414789454676
"327",562,NA,NA,NA,NA,NA,NA,NA,NA
"328",566,NA,NA,NA,NA,NA,NA,NA,NA
"329",568,0.0422744762523779,0.084718222184875,0.146897344336761,0.0347499536365645,0.0765151374874237,0.105959535074063,2.49570995057763e-17,0.139197657315774
"330",570,0.244344377467021,0.268336873601314,0.257600586457193,0.296356708131409,0.336545327591238,0.326973162630318,0.213397636394761,0.343033032066107
